{"cameraMode":{"drawMode":0,"name":"Shaded","section":"Shading Mode"},"sceneLighting":true,"audioPlay":false,"sceneViewState":{"m_AlwaysRefresh":false,"showFog":true,"showSkybox":true,"showFlares":true,"showImageEffects":true,"showParticleSystems":true,"showVisualEffectGraphs":true,"m_FxEnabled":true},"in2DMode":false,"pivot":{"x":-139.60012817382813,"y":-70.36573791503906,"z":26.281946182250978},"rotation":{"x":0.0008713112329132855,"y":0.9978334307670593,"z":0.013471492566168309,"w":-0.06444893777370453},"size":639.3123168945313,"orthographic":true}