{"cameraMode":{"drawMode":0,"name":"Shaded","section":"Shading Mode"},"sceneLighting":true,"audioPlay":false,"sceneViewState":{"m_AlwaysRefresh":false,"showFog":true,"showSkybox":true,"showFlares":true,"showImageEffects":true,"showParticleSystems":true,"showVisualEffectGraphs":true,"m_FxEnabled":true},"in2DMode":false,"pivot":{"x":18.707883834838868,"y":1.9989891052246094,"z":-2.8962936401367189},"rotation":{"x":-0.016779229044914247,"y":0.9755921363830566,"z":-0.20367024838924409,"w":-0.08037397265434265},"size":12.7163667678833,"orthographic":false}