{"cameraMode":{"drawMode":0,"name":"Shaded","section":"Shading Mode"},"sceneLighting":true,"audioPlay":false,"sceneViewState":{"m_AlwaysRefresh":false,"showFog":true,"showSkybox":true,"showFlares":true,"showImageEffects":true,"showParticleSystems":true,"showVisualEffectGraphs":true,"m_FxEnabled":true},"in2DMode":false,"pivot":{"x":8.923315048217774,"y":4.337963581085205,"z":-2.2708683013916017},"rotation":{"x":-0.01798873394727707,"y":0.033885929733514789,"z":0.0006099999300204217,"w":0.9992641806602478},"size":6.906271457672119,"orthographic":false}